"File","Bytes","SHA256","LastWriteTime"
"wx4_step1_verify.py","5902","D71D4E95E077833614BA22B72D19693F0A662642A99990557F3B67D3F9F3DEFC","2026-10-03 23:28:58"
"wx4_step2_verify.py","16022","FA3D98A8B98507DE3E23781A9D638FA0BB039201CC7BB13D36D8FE3F565DCDA7","2026-10-04 00:20:55"
"wx4_step3_verify.py","22722","07D99052031D51E0BC4D1667AB6F9A3330DD64CDFE8116CA8BEC5D3A2F9BC0DF","2026-10-04 00:42:28"
"wx4_cipher_scan_probe.py","3299","DAEBA3FBBD79A57AED92CD21D26DE438F7FF8500101C09A79301C0E33C46B633","2026-10-04 01:29:56"
"wx4_key_store_probe.py","2222","872804DA0CC196E1AC175E4277AA96AAF0F9499CC6E8D3C517F4DAC5AD087838","2026-10-04 02:22:35"
"wx4_key_store_verify.py","3404","3410C7D0DD5D13A673564690E4FDF63EB934D6B907EA9044606138EA9F385527","2026-10-04 02:21:46"
"make_merge.py","2290","A9D71FE0332EED76D13CBC64B226158DACA48E73257128AF0666B3C4A7F17FDC","2026-10-03 21:35:45"
"fix_and_merge.py","4161","69167B5A11FBD3FEB66DA6F09AFF1918569DA0DA8A3880441CAF03D6B62DC9D7","2026-10-03 21:36:47"
"merge_db.py","1897","32D04E395777AB7957BBEDFA739C40D9C05BAAE262403D33BAF7D5511D500570","2026-10-03 22:14:28"
